SUBSPACEAUTOTUNETMP_ENABLE_PARTIAL_RESULT_REUSAGE,SUBSPACEAUTOTUNETMP_ENABLE_SUBSPACE_SKIPPING,SUBSPACEAUTOTUNETMP_LIST_RATIO,SUBSPACEAUTOTUNETMP_PARALLEL_DATA_POINTS,SUBSPACEAUTOTUNETMP_STREAMING_THRESHOLD,SUBSPACEAUTOTUNETMP_UNROLL,SUBSPACEAUTOTUNETMP_VEC_PADDING,kernel_s,kernel_s_raw,compile_s,par_compile_s,par_compile_count
0,0,0.100000,16,16,0,4,8.44872,8.44872,2.06309,0,0
0,0,0.100000,32,16,0,4,6.5433,6.5433,1.95215,0,0
0,0,0.100000,64,16,0,4,5.6025,5.6025,1.95784,0,0
0,0,0.100000,128,16,0,4,4.8204,4.8204,2.04824,0,0
0,0,0.100000,256,16,0,4,4.54049,4.54049,2.02669,0,0
0,0,0.100000,512,16,0,4,4.51716,4.51716,1.98381,0,0
0,1,0.100000,16,16,0,4,8.12075,8.12075,2.00511,0,0
0,1,0.100000,32,16,0,4,6.55231,6.55231,1.97987,0,0
0,1,0.100000,64,16,0,4,5.27196,5.27196,2.00447,0,0
0,1,0.100000,128,16,0,4,4.96622,4.96622,2.02596,0,0
0,1,0.100000,256,16,0,4,4.64832,4.64832,2.04462,0,0
0,1,0.100000,512,16,0,4,4.54573,4.54573,2.05005,0,0
0,0,0.100000,16,16,1,4,8.06093,8.06093,1.99082,0,0
0,0,0.100000,32,16,1,4,6.41496,6.41496,2.08312,0,0
0,0,0.100000,64,16,1,4,5.13345,5.13345,1.98633,0,0
0,0,0.100000,128,16,1,4,4.61139,4.61139,2.02754,0,0
0,0,0.100000,256,16,1,4,4.48497,4.48497,2.06182,0,0
0,0,0.100000,512,16,1,4,4.25223,4.25223,2.09617,0,0
0,1,0.100000,16,16,1,4,8.3258,8.3258,2.04329,0,0
0,1,0.100000,32,16,1,4,6.19591,6.19591,2.08557,0,0
0,1,0.100000,64,16,1,4,5.38616,5.38616,2.02033,0,0
0,1,0.100000,128,16,1,4,4.5327,4.5327,2.07264,0,0
0,1,0.100000,256,16,1,4,4.34578,4.34578,2.0515,0,0
0,1,0.100000,512,16,1,4,4.27279,4.27279,2.12268,0,0
0,0,0.100000,16,64,0,4,8.64842,8.64842,2.0056,0,0
0,0,0.100000,32,64,0,4,7.90056,7.90056,2.05108,0,0
0,0,0.100000,64,64,0,4,6.05879,6.05879,2.02029,0,0
0,0,0.100000,128,64,0,4,4.9022,4.9022,2.04681,0,0
0,0,0.100000,256,64,0,4,4.53879,4.53879,2.03243,0,0
0,0,0.100000,512,64,0,4,4.45152,4.45152,2.02607,0,0
0,1,0.100000,16,64,0,4,8.47445,8.47445,1.95012,0,0
0,1,0.100000,32,64,0,4,6.57396,6.57396,2.03738,0,0
0,1,0.100000,64,64,0,4,5.3952,5.3952,2.00359,0,0
0,1,0.100000,128,64,0,4,4.724,4.724,2.01551,0,0
0,1,0.100000,256,64,0,4,4.52339,4.52339,2.01817,0,0
0,1,0.100000,512,64,0,4,4.45412,4.45412,2.03427,0,0
0,0,0.100000,16,64,1,4,7.67046,7.67046,2.08775,0,0
0,0,0.100000,32,64,1,4,6.3406,6.3406,2.00253,0,0
0,0,0.100000,64,64,1,4,5.13214,5.13214,2.06547,0,0
0,0,0.100000,128,64,1,4,4.82097,4.82097,2.03844,0,0
0,0,0.100000,256,64,1,4,4.33175,4.33175,2.07222,0,0
0,0,0.100000,512,64,1,4,4.23057,4.23057,2.06905,0,0
0,1,0.100000,16,64,1,4,8.21098,8.21098,2.05993,0,0
0,1,0.100000,32,64,1,4,6.20886,6.20886,2.0766,0,0
0,1,0.100000,64,64,1,4,5.0369,5.0369,2.01073,0,0
0,1,0.100000,128,64,1,4,4.52667,4.52667,2.09018,0,0
0,1,0.100000,256,64,1,4,4.35551,4.35551,2.02539,0,0
0,1,0.100000,512,64,1,4,4.45865,4.45865,2.05603,0,0
0,0,0.100000,16,256,0,4,9.063,9.063,2.01865,0,0
0,0,0.100000,32,256,0,4,6.67651,6.67651,1.95533,0,0
0,0,0.100000,64,256,0,4,5.35384,5.35384,2.01804,0,0
0,0,0.100000,128,256,0,4,4.76008,4.76008,1.95534,0,0
0,0,0.100000,256,256,0,4,4.50186,4.50186,1.98101,0,0
0,0,0.100000,512,256,0,4,4.45997,4.45997,2.05719,0,0
0,1,0.100000,16,256,0,4,8.77713,8.77713,2.00426,0,0
0,1,0.100000,32,256,0,4,6.82343,6.82343,1.97939,0,0
0,1,0.100000,64,256,0,4,5.39215,5.39215,1.95558,0,0
0,1,0.100000,128,256,0,4,4.75083,4.75083,2.04575,0,0
0,1,0.100000,256,256,0,4,4.55249,4.55249,1.94027,0,0
0,1,0.100000,512,256,0,4,4.42563,4.42563,1.97186,0,0
0,0,0.100000,16,256,1,4,7.98111,7.98111,2.07367,0,0
0,0,0.100000,32,256,1,4,6.37869,6.37869,2.03107,0,0
0,0,0.100000,64,256,1,4,5.36379,5.36379,2.05161,0,0
0,0,0.100000,128,256,1,4,4.84533,4.84533,2.05797,0,0
0,0,0.100000,256,256,1,4,4.4233,4.4233,2.04686,0,0
0,0,0.100000,512,256,1,4,4.46403,4.46403,1.98992,0,0
0,1,0.100000,16,256,1,4,8.38915,8.38915,2.09207,0,0
0,1,0.100000,32,256,1,4,6.23411,6.23411,2.08617,0,0
0,1,0.100000,64,256,1,4,5.10759,5.10759,2.11309,0,0
0,1,0.100000,128,256,1,4,4.52254,4.52254,2.06302,0,0
0,1,0.100000,256,256,1,4,4.46793,4.46793,2.0617,0,0
0,1,0.100000,512,256,1,4,4.23023,4.23023,2.08108,0,0
0,0,0.200000,16,16,0,4,8.54755,8.54755,2.01036,0,0
0,0,0.200000,32,16,0,4,6.74774,6.74774,2.0467,0,0
0,0,0.200000,64,16,0,4,5.33886,5.33886,2.04662,0,0
0,0,0.200000,128,16,0,4,4.85346,4.85346,2.00445,0,0
0,0,0.200000,256,16,0,4,4.55173,4.55173,2.02883,0,0
0,0,0.200000,512,16,0,4,4.40249,4.40249,1.99893,0,0
0,1,0.200000,16,16,0,4,9.08478,9.08478,1.99867,0,0
0,1,0.200000,32,16,0,4,6.99663,6.99663,2.00541,0,0
0,1,0.200000,64,16,0,4,5.93396,5.93396,2.02282,0,0
0,1,0.200000,128,16,0,4,4.96394,4.96394,1.99385,0,0
0,1,0.200000,256,16,0,4,4.67549,4.67549,1.97917,0,0
0,1,0.200000,512,16,0,4,4.49273,4.49273,1.98166,0,0
0,0,0.200000,16,16,1,4,8.02645,8.02645,2.10147,0,0
0,0,0.200000,32,16,1,4,6.37615,6.37615,2.03516,0,0
0,0,0.200000,64,16,1,4,5.12998,5.12998,2.08329,0,0
0,0,0.200000,128,16,1,4,4.67999,4.67999,2.05045,0,0
0,0,0.200000,256,16,1,4,4.46127,4.46127,2.06954,0,0
0,0,0.200000,512,16,1,4,4.25156,4.25156,2.03769,0,0
0,1,0.200000,16,16,1,4,8.39574,8.39574,2.00043,0,0
0,1,0.200000,32,16,1,4,6.03574,6.03574,2.1008,0,0
0,1,0.200000,64,16,1,4,5.36185,5.36185,1.98207,0,0
0,1,0.200000,128,16,1,4,4.89506,4.89506,2.03514,0,0
0,1,0.200000,256,16,1,4,4.34969,4.34969,2.04219,0,0
0,1,0.200000,512,16,1,4,4.21276,4.21276,2.09486,0,0
0,0,0.200000,16,64,0,4,8.22807,8.22807,2.00965,0,0
0,0,0.200000,32,64,0,4,6.77631,6.77631,2.00787,0,0
0,0,0.200000,64,64,0,4,5.40377,5.40377,1.94054,0,0
0,0,0.200000,128,64,0,4,4.74605,4.74605,1.98771,0,0
0,0,0.200000,256,64,0,4,4.49629,4.49629,2.01228,0,0
0,0,0.200000,512,64,0,4,4.50225,4.50225,2.00807,0,0
0,1,0.200000,16,64,0,4,8.45529,8.45529,2.01992,0,0
0,1,0.200000,32,64,0,4,6.65309,6.65309,2.00828,0,0
0,1,0.200000,64,64,0,4,5.3378,5.3378,2.01378,0,0
0,1,0.200000,128,64,0,4,5.23743,5.23743,1.97674,0,0
0,1,0.200000,256,64,0,4,4.62255,4.62255,2.0006,0,0
0,1,0.200000,512,64,0,4,4.60644,4.60644,2.04232,0,0
0,0,0.200000,16,64,1,4,8.00918,8.00918,2.05502,0,0
0,0,0.200000,32,64,1,4,6.37562,6.37562,2.04943,0,0
0,0,0.200000,64,64,1,4,5.12637,5.12637,2.07356,0,0
0,0,0.200000,128,64,1,4,4.60203,4.60203,2.04076,0,0
0,0,0.200000,256,64,1,4,4.3579,4.3579,2.0313,0,0
0,0,0.200000,512,64,1,4,4.24105,4.24105,2.05117,0,0
0,1,0.200000,16,64,1,4,8.46634,8.46634,2.10525,0,0
0,1,0.200000,32,64,1,4,6.28025,6.28025,2.06109,0,0
0,1,0.200000,64,64,1,4,5.62272,5.62272,2.06203,0,0
0,1,0.200000,128,64,1,4,4.70866,4.70866,2.06053,0,0
0,1,0.200000,256,64,1,4,4.33053,4.33053,2.05708,0,0
0,1,0.200000,512,64,1,4,4.27749,4.27749,2.05693,0,0
0,0,0.200000,16,256,0,4,8.68942,8.68942,2.00545,0,0
0,0,0.200000,32,256,0,4,7.18677,7.18677,2.02605,0,0
0,0,0.200000,64,256,0,4,5.55139,5.55139,2.01834,0,0
0,0,0.200000,128,256,0,4,4.87084,4.87084,2.04192,0,0
0,0,0.200000,256,256,0,4,4.50684,4.50684,2.02213,0,0
0,0,0.200000,512,256,0,4,4.49862,4.49862,2.02194,0,0
0,1,0.200000,16,256,0,4,8.8441,8.8441,2.03188,0,0
0,1,0.200000,32,256,0,4,6.89831,6.89831,2.00542,0,0
0,1,0.200000,64,256,0,4,5.4361,5.4361,1.98279,0,0
0,1,0.200000,128,256,0,4,4.93927,4.93927,2.1003,0,0
0,1,0.200000,256,256,0,4,4.74741,4.74741,1.90954,0,0
0,1,0.200000,512,256,0,4,4.59543,4.59543,2.00917,0,0
0,0,0.200000,16,256,1,4,8.24078,8.24078,2.05941,0,0
0,0,0.200000,32,256,1,4,6.40641,6.40641,2.12099,0,0
0,0,0.200000,64,256,1,4,5.16906,5.16906,2.05661,0,0
0,0,0.200000,128,256,1,4,4.65733,4.65733,2.07093,0,0
0,0,0.200000,256,256,1,4,4.38746,4.38746,2.0276,0,0
0,0,0.200000,512,256,1,4,4.50328,4.50328,2.0629,0,0
0,1,0.200000,16,256,1,4,8.43835,8.43835,2.05173,0,0
0,1,0.200000,32,256,1,4,6.89186,6.89186,2.10571,0,0
0,1,0.200000,64,256,1,4,5.12252,5.12252,2.11747,0,0
0,1,0.200000,128,256,1,4,4.69498,4.69498,2.0286,0,0
0,1,0.200000,256,256,1,4,4.4594,4.4594,2.06516,0,0
0,1,0.200000,512,256,1,4,4.22833,4.22833,2.06305,0,0
0,0,0.300000,16,16,0,4,8.64551,8.64551,2.04811,0,0
0,0,0.300000,32,16,0,4,6.8055,6.8055,1.97115,0,0
0,0,0.300000,64,16,0,4,5.37273,5.37273,1.97059,0,0
0,0,0.300000,128,16,0,4,4.79675,4.79675,2.05629,0,0
0,0,0.300000,256,16,0,4,4.5029,4.5029,2.00562,0,0
0,0,0.300000,512,16,0,4,4.4237,4.4237,2.06292,0,0
0,1,0.300000,16,16,0,4,9.22479,9.22479,2.03948,0,0
0,1,0.300000,32,16,0,4,6.94777,6.94777,2.03733,0,0
0,1,0.300000,64,16,0,4,5.75151,5.75151,2.01046,0,0
0,1,0.300000,128,16,0,4,5.09563,5.09563,2.02044,0,0
0,1,0.300000,256,16,0,4,4.64922,4.64922,1.9883,0,0
0,1,0.300000,512,16,0,4,4.52204,4.52204,1.98579,0,0
0,0,0.300000,16,16,1,4,8.2356,8.2356,2.0961,0,0
0,0,0.300000,32,16,1,4,6.83831,6.83831,2.12133,0,0
0,0,0.300000,64,16,1,4,5.25444,5.25444,2.11942,0,0
0,0,0.300000,128,16,1,4,4.88945,4.88945,2.06217,0,0
0,0,0.300000,256,16,1,4,4.50917,4.50917,2.07091,0,0
0,0,0.300000,512,16,1,4,4.47493,4.47493,2.10272,0,0
0,1,0.300000,16,16,1,4,9.37019,9.37019,2.07719,0,0
0,1,0.300000,32,16,1,4,7.03845,7.03845,2.09184,0,0
0,1,0.300000,64,16,1,4,5.22219,5.22219,2.05392,0,0
0,1,0.300000,128,16,1,4,4.53686,4.53686,2.1341,0,0
0,1,0.300000,256,16,1,4,4.35311,4.35311,2.05758,0,0
0,1,0.300000,512,16,1,4,4.23231,4.23231,2.04871,0,0
0,0,0.300000,16,64,0,4,8.64438,8.64438,2.02618,0,0
0,0,0.300000,32,64,0,4,6.79737,6.79737,2.02331,0,0
0,0,0.300000,64,64,0,4,5.35607,5.35607,2.00827,0,0
0,0,0.300000,128,64,0,4,5.10132,5.10132,2.01156,0,0
0,0,0.300000,256,64,0,4,4.80211,4.80211,2.00016,0,0
0,0,0.300000,512,64,0,4,4.43651,4.43651,2.0027,0,0
0,1,0.300000,16,64,0,4,8.89296,8.89296,1.9912,0,0
0,1,0.300000,32,64,0,4,6.88854,6.88854,2.0037,0,0
0,1,0.300000,64,64,0,4,5.3941,5.3941,2.00709,0,0
0,1,0.300000,128,64,0,4,4.75934,4.75934,1.96368,0,0
0,1,0.300000,256,64,0,4,4.71091,4.71091,1.98614,0,0
0,1,0.300000,512,64,0,4,4.48332,4.48332,1.97014,0,0
0,0,0.300000,16,64,1,4,8.11301,8.11301,2.14732,0,0
0,0,0.300000,32,64,1,4,6.38967,6.38967,2.08377,0,0
0,0,0.300000,64,64,1,4,5.10105,5.10105,2.07519,0,0
0,0,0.300000,128,64,1,4,4.58163,4.58163,1.98665,0,0
0,0,0.300000,256,64,1,4,4.42785,4.42785,2.04899,0,0
0,0,0.300000,512,64,1,4,4.32583,4.32583,2.07008,0,0
0,1,0.300000,16,64,1,4,8.50909,8.50909,2.08636,0,0
0,1,0.300000,32,64,1,4,6.35394,6.35394,2.06443,0,0
0,1,0.300000,64,64,1,4,5.1272,5.1272,2.12237,0,0
0,1,0.300000,128,64,1,4,4.79927,4.79927,2.01916,0,0
0,1,0.300000,256,64,1,4,4.52414,4.52414,2.05791,0,0
0,1,0.300000,512,64,1,4,4.25834,4.25834,2.00299,0,0
0,0,0.300000,16,256,0,4,8.63981,8.63981,1.94314,0,0
0,0,0.300000,32,256,0,4,6.83944,6.83944,2.04214,0,0
0,0,0.300000,64,256,0,4,5.55735,5.55735,1.95438,0,0
0,0,0.300000,128,256,0,4,4.95311,4.95311,2.01373,0,0
0,0,0.300000,256,256,0,4,4.71019,4.71019,1.98127,0,0
0,0,0.300000,512,256,0,4,4.64344,4.64344,2.01739,0,0
0,1,0.300000,16,256,0,4,8.87665,8.87665,2.03947,0,0
0,1,0.300000,32,256,0,4,6.91151,6.91151,2.01728,0,0
0,1,0.300000,64,256,0,4,5.4079,5.4079,2.01143,0,0
0,1,0.300000,128,256,0,4,4.78849,4.78849,2.0023,0,0
0,1,0.300000,256,256,0,4,4.59582,4.59582,1.97721,0,0
0,1,0.300000,512,256,0,4,4.48303,4.48303,1.98034,0,0
0,0,0.300000,16,256,1,4,8.70471,8.70471,2.04637,0,0
0,0,0.300000,32,256,1,4,6.42136,6.42136,2.00097,0,0
0,0,0.300000,64,256,1,4,5.12779,5.12779,2.05306,0,0
0,0,0.300000,128,256,1,4,4.74455,4.74455,2.09218,0,0
0,0,0.300000,256,256,1,4,4.56729,4.56729,2.07148,0,0
0,0,0.300000,512,256,1,4,4.29682,4.29682,2.07906,0,0
0,1,0.300000,16,256,1,4,8.43465,8.43465,2.08091,0,0
0,1,0.300000,32,256,1,4,6.24998,6.24998,2.05795,0,0
0,1,0.300000,64,256,1,4,5.11535,5.11535,2.05068,0,0
0,1,0.300000,128,256,1,4,4.5357,4.5357,2.06778,0,0
0,1,0.300000,256,256,1,4,4.35677,4.35677,2.06802,0,0
0,1,0.300000,512,256,1,4,4.30946,4.30946,2.07108,0,0
1,0,0.100000,16,16,0,4,7.16587,7.16587,2.01914,0,0
1,0,0.100000,32,16,0,4,5.48972,5.48972,2.03485,0,0
1,0,0.100000,64,16,0,4,3.86085,3.86085,2.0218,0,0
1,0,0.100000,128,16,0,4,3.02865,3.02865,1.97683,0,0
1,0,0.100000,256,16,0,4,2.67582,2.67582,1.98573,0,0
1,0,0.100000,512,16,0,4,2.57604,2.57604,1.99676,0,0
1,1,0.100000,16,16,0,4,8.05277,8.05277,2.00508,0,0
1,1,0.100000,32,16,0,4,5.46416,5.46416,2.00481,0,0
1,1,0.100000,64,16,0,4,3.84207,3.84207,1.99797,0,0
1,1,0.100000,128,16,0,4,3.07489,3.07489,2.01934,0,0
1,1,0.100000,256,16,0,4,2.76522,2.76522,2.03244,0,0
1,1,0.100000,512,16,0,4,2.51419,2.51419,1.9719,0,0
1,0,0.100000,16,16,1,4,6.9491,6.9491,2.03504,0,0
1,0,0.100000,32,16,1,4,5.07968,5.07968,2.04304,0,0
1,0,0.100000,64,16,1,4,3.56945,3.56945,2.10304,0,0
1,0,0.100000,128,16,1,4,3.02478,3.02478,2.05682,0,0
1,0,0.100000,256,16,1,4,2.78146,2.78146,2.09815,0,0
1,0,0.100000,512,16,1,4,2.54827,2.54827,2.0625,0,0
1,1,0.100000,16,16,1,4,6.64711,6.64711,2.05527,0,0
1,1,0.100000,32,16,1,4,5.07467,5.07467,2.0497,0,0
1,1,0.100000,64,16,1,4,3.65119,3.65119,2.12157,0,0
1,1,0.100000,128,16,1,4,2.92377,2.92377,2.08107,0,0
1,1,0.100000,256,16,1,4,2.73125,2.73125,2.01761,0,0
1,1,0.100000,512,16,1,4,2.60466,2.60466,2.14991,0,0
1,0,0.100000,16,64,0,4,7.67365,7.67365,2.0793,0,0
1,0,0.100000,32,64,0,4,5.40671,5.40671,2.05981,0,0
1,0,0.100000,64,64,0,4,3.79587,3.79587,2.05089,0,0
1,0,0.100000,128,64,0,4,3.00155,3.00155,1.96943,0,0
1,0,0.100000,256,64,0,4,2.67835,2.67835,1.96211,0,0
1,0,0.100000,512,64,0,4,2.49397,2.49397,2.0037,0,0
1,1,0.100000,16,64,0,4,7.60742,7.60742,1.97628,0,0
1,1,0.100000,32,64,0,4,5.06816,5.06816,1.98909,0,0
1,1,0.100000,64,64,0,4,3.5876,3.5876,2.00841,0,0
1,1,0.100000,128,64,0,4,2.93828,2.93828,2.00294,0,0
1,1,0.100000,256,64,0,4,2.70888,2.70888,1.98659,0,0
1,1,0.100000,512,64,0,4,2.5529,2.5529,1.98635,0,0
1,0,0.100000,16,64,1,4,6.77995,6.77995,2.07318,0,0
1,0,0.100000,32,64,1,4,4.91986,4.91986,2.06578,0,0
1,0,0.100000,64,64,1,4,3.3514,3.3514,2.08475,0,0
1,0,0.100000,128,64,1,4,2.86848,2.86848,2.07095,0,0
1,0,0.100000,256,64,1,4,2.63009,2.63009,2.09188,0,0
1,0,0.100000,512,64,1,4,2.51455,2.51455,2.08756,0,0
1,1,0.100000,16,64,1,4,5.97129,5.97129,2.08319,0,0
1,1,0.100000,32,64,1,4,4.76084,4.76084,2.09327,0,0
1,1,0.100000,64,64,1,4,3.48765,3.48765,2.07159,0,0
1,1,0.100000,128,64,1,4,2.86979,2.86979,2.10725,0,0
1,1,0.100000,256,64,1,4,2.8232,2.8232,2.08349,0,0
1,1,0.100000,512,64,1,4,2.54807,2.54807,2.07604,0,0
1,0,0.100000,16,256,0,4,6.78901,6.78901,2.02895,0,0
1,0,0.100000,32,256,0,4,5.25679,5.25679,2.00154,0,0
1,0,0.100000,64,256,0,4,3.51981,3.51981,1.99601,0,0
1,0,0.100000,128,256,0,4,2.99455,2.99455,2.02896,0,0
1,0,0.100000,256,256,0,4,2.66564,2.66564,1.93942,0,0
1,0,0.100000,512,256,0,4,2.58173,2.58173,2.02379,0,0
1,1,0.100000,16,256,0,4,7.18291,7.18291,2.03225,0,0
1,1,0.100000,32,256,0,4,5.03436,5.03436,1.99477,0,0
1,1,0.100000,64,256,0,4,3.55147,3.55147,1.99005,0,0
1,1,0.100000,128,256,0,4,2.93678,2.93678,1.98542,0,0
1,1,0.100000,256,256,0,4,2.73432,2.73432,1.97867,0,0
1,1,0.100000,512,256,0,4,2.55243,2.55243,2.02339,0,0
1,0,0.100000,16,256,1,4,6.55685,6.55685,2.06253,0,0
1,0,0.100000,32,256,1,4,5.07731,5.07731,2.05601,0,0
1,0,0.100000,64,256,1,4,3.50679,3.50679,2.08444,0,0
1,0,0.100000,128,256,1,4,2.86134,2.86134,2.0831,0,0
1,0,0.100000,256,256,1,4,2.62484,2.62484,2.08985,0,0
1,0,0.100000,512,256,1,4,2.48781,2.48781,2.10411,0,0
1,1,0.100000,16,256,1,4,6.49571,6.49571,2.07957,0,0
1,1,0.100000,32,256,1,4,4.75317,4.75317,2.09637,0,0
1,1,0.100000,64,256,1,4,3.58499,3.58499,2.1002,0,0
1,1,0.100000,128,256,1,4,2.86678,2.86678,2.06751,0,0
1,1,0.100000,256,256,1,4,2.73778,2.73778,2.10053,0,0
1,1,0.100000,512,256,1,4,2.51367,2.51367,2.10293,0,0
1,0,0.200000,16,16,0,4,6.70953,6.70953,2.0669,0,0
1,0,0.200000,32,16,0,4,5.13515,5.13515,1.97645,0,0
1,0,0.200000,64,16,0,4,3.73131,3.73131,2.04138,0,0
1,0,0.200000,128,16,0,4,2.98778,2.98778,2.03382,0,0
1,0,0.200000,256,16,0,4,2.76325,2.76325,1.92439,0,0
1,0,0.200000,512,16,0,4,2.57259,2.57259,2.01046,0,0
1,1,0.200000,16,16,0,4,7.26124,7.26124,1.9458,0,0
1,1,0.200000,32,16,0,4,5.03493,5.03493,2.03044,0,0
1,1,0.200000,64,16,0,4,3.5675,3.5675,2.00667,0,0
1,1,0.200000,128,16,0,4,2.90658,2.90658,2.02119,0,0
1,1,0.200000,256,16,0,4,2.72863,2.72863,1.97531,0,0
1,1,0.200000,512,16,0,4,2.59116,2.59116,2.01329,0,0
1,0,0.200000,16,16,1,4,6.7844,6.7844,2.13996,0,0
1,0,0.200000,32,16,1,4,5.06221,5.06221,2.06355,0,0
1,0,0.200000,64,16,1,4,3.63984,3.63984,2.06969,0,0
1,0,0.200000,128,16,1,4,2.97092,2.97092,2.09928,0,0
1,0,0.200000,256,16,1,4,2.76782,2.76782,2.07023,0,0
1,0,0.200000,512,16,1,4,2.63336,2.63336,2.06415,0,0
1,1,0.200000,16,16,1,4,6.53073,6.53073,2.12731,0,0
1,1,0.200000,32,16,1,4,4.74804,4.74804,2.07988,0,0
1,1,0.200000,64,16,1,4,3.52327,3.52327,2.06067,0,0
1,1,0.200000,128,16,1,4,2.85806,2.85806,2.08699,0,0
1,1,0.200000,256,16,1,4,2.62317,2.62317,2.08338,0,0
1,1,0.200000,512,16,1,4,2.55033,2.55033,2.05483,0,0
1,0,0.200000,16,64,0,4,6.70985,6.70985,2.00537,0,0
1,0,0.200000,32,64,0,4,5.37365,5.37365,2.00334,0,0
1,0,0.200000,64,64,0,4,3.62169,3.62169,2.02042,0,0
1,0,0.200000,128,64,0,4,3.08853,3.08853,1.92947,0,0
1,0,0.200000,256,64,0,4,2.61255,2.61255,2.04448,0,0
1,0,0.200000,512,64,0,4,2.52491,2.52491,2.00164,0,0
1,1,0.200000,16,64,0,4,7.28457,7.28457,2.03299,0,0
1,1,0.200000,32,64,0,4,5.12889,5.12889,2.00447,0,0
1,1,0.200000,64,64,0,4,3.57872,3.57872,1.92727,0,0
1,1,0.200000,128,64,0,4,3.13963,3.13963,2.01904,0,0
1,1,0.200000,256,64,0,4,2.71557,2.71557,2.02538,0,0
1,1,0.200000,512,64,0,4,2.59537,2.59537,1.95481,0,0
1,0,0.200000,16,64,1,4,7.05532,7.05532,2.07022,0,0
1,0,0.200000,32,64,1,4,5.10208,5.10208,2.0741,0,0
1,0,0.200000,64,64,1,4,3.49477,3.49477,2.06425,0,0
1,0,0.200000,128,64,1,4,2.82672,2.82672,2.09356,0,0
1,0,0.200000,256,64,1,4,2.86766,2.86766,2.10421,0,0
1,0,0.200000,512,64,1,4,2.51088,2.51088,2.08745,0,0
1,1,0.200000,16,64,1,4,6.53535,6.53535,2.11618,0,0
1,1,0.200000,32,64,1,4,4.75636,4.75636,2.07093,0,0
1,1,0.200000,64,64,1,4,3.51394,3.51394,2.00539,0,0
1,1,0.200000,128,64,1,4,2.88032,2.88032,2.05298,0,0
1,1,0.200000,256,64,1,4,2.63799,2.63799,2.08095,0,0
1,1,0.200000,512,64,1,4,2.54257,2.54257,2.04068,0,0
1,0,0.200000,16,256,0,4,6.70499,6.70499,2.00746,0,0
1,0,0.200000,32,256,0,4,5.37214,5.37214,2.02164,0,0
1,0,0.200000,64,256,0,4,3.64442,3.64442,1.99527,0,0
1,0,0.200000,128,256,0,4,2.97143,2.97143,2.02574,0,0
1,0,0.200000,256,256,0,4,2.70335,2.70335,2.01774,0,0
1,0,0.200000,512,256,0,4,2.6099,2.6099,2.0063,0,0
1,1,0.200000,16,256,0,4,7.56175,7.56175,2.03829,0,0
1,1,0.200000,32,256,0,4,5.22049,5.22049,2.05173,0,0
1,1,0.200000,64,256,0,4,3.78452,3.78452,2.01566,0,0
1,1,0.200000,128,256,0,4,2.91303,2.91303,1.99276,0,0
1,1,0.200000,256,256,0,4,2.65171,2.65171,2.05402,0,0
1,1,0.200000,512,256,0,4,2.58181,2.58181,2.02914,0,0
1,0,0.200000,16,256,1,4,6.57734,6.57734,2.07703,0,0
1,0,0.200000,32,256,1,4,5.02942,5.02942,2.07067,0,0
1,0,0.200000,64,256,1,4,3.51246,3.51246,2.0371,0,0
1,0,0.200000,128,256,1,4,2.83486,2.83486,2.06306,0,0
1,0,0.200000,256,256,1,4,2.66515,2.66515,2.10394,0,0
1,0,0.200000,512,256,1,4,2.58838,2.58838,2.10664,0,0
1,1,0.200000,16,256,1,4,6.55565,6.55565,2.05943,0,0
1,1,0.200000,32,256,1,4,4.85898,4.85898,2.08188,0,0
1,1,0.200000,64,256,1,4,3.55534,3.55534,2.08671,0,0
1,1,0.200000,128,256,1,4,2.85806,2.85806,2.07511,0,0
1,1,0.200000,256,256,1,4,2.79379,2.79379,2.0517,0,0
1,1,0.200000,512,256,1,4,2.5658,2.5658,2.07718,0,0
1,0,0.300000,16,16,0,4,6.80055,6.80055,2.0147,0,0
1,0,0.300000,32,16,0,4,5.10768,5.10768,2.04282,0,0
1,0,0.300000,64,16,0,4,3.55434,3.55434,2.02881,0,0
1,0,0.300000,128,16,0,4,2.95594,2.95594,2.03217,0,0
1,0,0.300000,256,16,0,4,2.60965,2.60965,2.04963,0,0
1,0,0.300000,512,16,0,4,2.57596,2.57596,1.99665,0,0
1,1,0.300000,16,16,0,4,7.24013,7.24013,2.02869,0,0
1,1,0.300000,32,16,0,4,5.02748,5.02748,2.01505,0,0
1,1,0.300000,64,16,0,4,3.59125,3.59125,2.01437,0,0
1,1,0.300000,128,16,0,4,2.94494,2.94494,2.03553,0,0
1,1,0.300000,256,16,0,4,2.71184,2.71184,2.04216,0,0
1,1,0.300000,512,16,0,4,2.57009,2.57009,2.03115,0,0
1,0,0.300000,16,16,1,4,6.57033,6.57033,2.03417,0,0
1,0,0.300000,32,16,1,4,5.16861,5.16861,2.09253,0,0
1,0,0.300000,64,16,1,4,3.53385,3.53385,2.04588,0,0
1,0,0.300000,128,16,1,4,2.88878,2.88878,2.09512,0,0
1,0,0.300000,256,16,1,4,2.67176,2.67176,2.10354,0,0
1,0,0.300000,512,16,1,4,2.52689,2.52689,2.07744,0,0
1,1,0.300000,16,16,1,4,6.56548,6.56548,2.10784,0,0
1,1,0.300000,32,16,1,4,4.74382,4.74382,2.08731,0,0
1,1,0.300000,64,16,1,4,3.52277,3.52277,2.07979,0,0
1,1,0.300000,128,16,1,4,2.86032,2.86032,2.06578,0,0
1,1,0.300000,256,16,1,4,2.66727,2.66727,2.10833,0,0
1,1,0.300000,512,16,1,4,2.4852,2.4852,2.09397,0,0
1,0,0.300000,16,64,0,4,6.93903,6.93903,2.05961,0,0
1,0,0.300000,32,64,0,4,5.39273,5.39273,2.01553,0,0
1,0,0.300000,64,64,0,4,3.60169,3.60169,2.01031,0,0
1,0,0.300000,128,64,0,4,2.99543,2.99543,1.99323,0,0
1,0,0.300000,256,64,0,4,2.59283,2.59283,2.01563,0,0
1,0,0.300000,512,64,0,4,2.77503,2.77503,1.97168,0,0
1,1,0.300000,16,64,0,4,7.39643,7.39643,2.08396,0,0
1,1,0.300000,32,64,0,4,5.06961,5.06961,1.97624,0,0
1,1,0.300000,64,64,0,4,3.59563,3.59563,2.00389,0,0
1,1,0.300000,128,64,0,4,2.97694,2.97694,1.98189,0,0
1,1,0.300000,256,64,0,4,2.77551,2.77551,2.02991,0,0
1,1,0.300000,512,64,0,4,2.60987,2.60987,1.99478,0,0
1,0,0.300000,16,64,1,4,6.60554,6.60554,2.07641,0,0
1,0,0.300000,32,64,1,4,5.12512,5.12512,2.01418,0,0
1,0,0.300000,64,64,1,4,3.52195,3.52195,2.12878,0,0
1,0,0.300000,128,64,1,4,2.90174,2.90174,2.06219,0,0
1,0,0.300000,256,64,1,4,2.70406,2.70406,2.12648,0,0
1,0,0.300000,512,64,1,4,2.53337,2.53337,2.07341,0,0
1,1,0.300000,16,64,1,4,6.71952,6.71952,2.0675,0,0
1,1,0.300000,32,64,1,4,4.70236,4.70236,2.10487,0,0
1,1,0.300000,64,64,1,4,3.52979,3.52979,2.11642,0,0
1,1,0.300000,128,64,1,4,3.03918,3.03918,2.08727,0,0
1,1,0.300000,256,64,1,4,2.6739,2.6739,2.08363,0,0
1,1,0.300000,512,64,1,4,2.64642,2.64642,2.04925,0,0
1,0,0.300000,16,256,0,4,6.70542,6.70542,1.96104,0,0
1,0,0.300000,32,256,0,4,5.17286,5.17286,1.90082,0,0
1,0,0.300000,64,256,0,4,3.60844,3.60844,1.99477,0,0
1,0,0.300000,128,256,0,4,3.03822,3.03822,2.00498,0,0
1,0,0.300000,256,256,0,4,2.60427,2.60427,2.04965,0,0
1,0,0.300000,512,256,0,4,2.51265,2.51265,2.03125,0,0
1,1,0.300000,16,256,0,4,7.19403,7.19403,2.04157,0,0
1,1,0.300000,32,256,0,4,5.04831,5.04831,1.9795,0,0
1,1,0.300000,64,256,0,4,3.72849,3.72849,1.98414,0,0
1,1,0.300000,128,256,0,4,3.02304,3.02304,2.03178,0,0
1,1,0.300000,256,256,0,4,2.70984,2.70984,1.97832,0,0
1,1,0.300000,512,256,0,4,2.54646,2.54646,2.02336,0,0
1,0,0.300000,16,256,1,4,6.57075,6.57075,2.07726,0,0
1,0,0.300000,32,256,1,4,5.0614,5.0614,2.09803,0,0
1,0,0.300000,64,256,1,4,3.52891,3.52891,2.05326,0,0
1,0,0.300000,128,256,1,4,2.86394,2.86394,2.04139,0,0
1,0,0.300000,256,256,1,4,2.63016,2.63016,2.10181,0,0
1,0,0.300000,512,256,1,4,2.63226,2.63226,2.03631,0,0
1,1,0.300000,16,256,1,4,6.53426,6.53426,2.10985,0,0
1,1,0.300000,32,256,1,4,4.73984,4.73984,2.024,0,0
1,1,0.300000,64,256,1,4,3.61486,3.61486,2.07975,0,0
1,1,0.300000,128,256,1,4,2.94268,2.94268,2.08471,0,0
1,1,0.300000,256,256,1,4,2.72318,2.72318,2.04682,0,0
1,1,0.300000,512,256,1,4,2.60335,2.60335,2.07647,0,0
