13, 166, 114, 226, 183
24, 164, 185, 43, 42
146, 106, 199, 122, 16
155, 103, 238, 196, 210
144, 133, 90, 70, 98
44, 131, 148, 160, 177
112, 233, 121, 198, 17
30, 45, 29, 89, 141
186, 77, 39, 212, 67
99, 219, 153, 39, 109
171, 184, 20, 142, 246
104, 108, 221, 153, 74
146, 203, 207, 2, 102
166, 114, 0, 226, 137
139, 167, 200, 58, 163
225, 224, 118, 31, 51
106, 199, 2, 111, 102
112, 46, 121, 6, 229
244, 242, 234, 212, 67
195, 205, 185, 91, 128
184, 171, 246, 142, 203
75, 138, 178, 35, 36
23, 93, 162, 183, 0
22, 226, 93, 0, 194
1, 88, 164, 185, 42
78, 172, 121, 94, 187
210, 165, 98, 70, 133
42, 134, 147, 152, 123
163, 220, 175, 147, 139
173, 89, 40, 53, 180
7, 45, 29, 89, 180
224, 225, 118, 124, 15
236, 66, 143, 155, 125
54, 18, 83, 244, 151
86, 192, 231, 176, 120
178, 43, 21, 75, 91
85, 110, 129, 55, 75
215, 126, 201, 209, 107
208, 59, 237, 132, 141
219, 109, 8, 186, 235
60, 180, 101, 89, 29
125, 58, 66, 143, 167
27, 134, 147, 152, 168
91, 185, 35, 1, 19
131, 148, 5, 160, 130
29, 173, 89, 53, 30
17, 68, 204, 149, 157
189, 170, 76, 49, 158
192, 231, 213, 34, 237
76, 47, 189, 101, 228
135, 72, 222, 140, 108
15, 227, 225, 154, 224
245, 71, 221, 197, 206
150, 100, 173, 115, 29
33, 191, 218, 197, 239
85, 129, 110, 36, 123
79, 167, 58, 200, 139
96, 178, 91, 82, 35
167, 56, 41, 14, 139
237, 132, 38, 208, 113
40, 180, 101, 228, 89
80, 174, 63, 90, 232
158, 156, 170, 189, 47
190, 174, 232, 100, 73
177, 160, 69, 130, 193
111, 216, 162, 16, 106
143, 125, 236, 41, 196
234, 242, 186, 212, 8
157, 46, 149, 130, 204
177, 64, 160, 227, 193
133, 4, 144, 26, 165
245, 197, 52, 206, 221
140, 50, 135, 108, 104
232, 115, 182, 100, 63
239, 108, 11, 104, 218
21, 138, 178, 35, 36
49, 47, 189, 101, 228
8, 201, 212, 186, 215
25, 172, 121, 233, 94
56, 58, 167, 200, 247
90, 174, 138, 144, 61
188, 169, 62, 156, 158
178, 75, 21, 96, 138
151, 120, 176, 244, 18
107, 95, 202, 230, 126
129, 55, 36, 110, 123
105, 120, 34, 176, 216
122, 136, 124, 94, 249
164, 152, 123, 1, 27
29, 173, 40, 180, 60
144, 4, 110, 133, 138
205, 185, 19, 43, 195
214, 179, 207, 127, 12
183, 162, 22, 23, 0
249, 87, 142, 122, 136
230, 84, 202, 107, 211
57, 178, 82, 91, 35
228, 240, 49, 101, 76
165, 210, 4, 26, 133
9, 219, 153, 39, 109
150, 115, 232, 53, 73
60, 228, 40, 49, 180
95, 230, 211, 2, 146
196, 155, 220, 3, 163
11, 108, 221, 153, 74
209, 37, 201, 212, 215
16, 199, 2, 102, 146
126, 84, 37, 202, 215
11, 104, 74, 221, 239
235, 39, 219, 8, 77
36, 85, 55, 144, 90
216, 65, 211, 16, 106
6, 17, 121, 233, 172
59, 132, 57, 96, 38
166, 13, 226, 0, 137
100, 150, 73, 232, 53
244, 18, 83, 120, 151
159, 180, 60, 228, 119
224, 225, 15, 31, 233
159, 241, 248, 117, 240
151, 83, 176, 116, 18
172, 233, 6, 112, 17
87, 2, 249, 136, 124
152, 129, 164, 27, 134
136, 31, 233, 87, 224
66, 143, 41, 236, 14
107, 215, 37, 202, 84
202, 126, 215, 179, 84
194, 195, 19, 205, 185
85, 55, 123, 164, 88
157, 229, 68, 160, 64
44, 69, 160, 177, 64
237, 59, 38, 194, 208
70, 4, 144, 90, 98
147, 27, 42, 152, 123
50, 72, 140, 222, 108
124, 87, 233, 172, 31
243, 168, 226, 114, 24
75, 21, 174, 80, 82
14, 200, 167, 163, 28
72, 135, 74, 108, 50
208, 38, 7, 191, 59
246, 249, 94, 184, 20
66, 125, 236, 41, 196
90, 4, 133, 110, 80
26, 70, 217, 210, 133
2, 12, 203, 102, 122
134, 27, 42, 152, 175
44, 149, 68, 204, 5
204, 68, 46, 187, 157
53, 100, 115, 173, 232
83, 120, 176, 244, 18
88, 27, 123, 164, 42
104, 11, 221, 52, 108
193, 198, 15, 118, 225
103, 3, 196, 220, 32
158, 62, 170, 47, 189
130, 229, 68, 160, 46
170, 62, 156, 47, 189
119, 117, 248, 241, 240
64, 177, 130, 157, 229
222, 223, 9, 99, 50
93, 183, 22, 23, 65
28, 175, 147, 168, 134
88, 1, 123, 27, 42
98, 210, 26, 70, 133
114, 13, 226, 0, 137
14, 58, 139, 200, 56
175, 243, 42, 147, 134
188, 240, 97, 189, 62
47, 158, 189, 62, 156
20, 184, 246, 142, 203
121, 233, 136, 78, 6
29, 89, 45, 53, 40
138, 80, 63, 190, 75
168, 163, 147, 134, 42
151, 120, 83, 231, 244
64, 160, 69, 130, 193
82, 35, 75, 21, 96
214, 127, 202, 230, 84
40, 60, 101, 89, 228
238, 55, 98, 123, 129
73, 232, 115, 217, 100
93, 0, 162, 22, 13
20, 171, 246, 142, 203
195, 19, 91, 205, 43
8, 67, 234, 77, 242
204, 46, 149, 25, 78
169, 62, 240, 189, 97
47, 170, 76, 49, 158
63, 174, 100, 82, 53
54, 141, 33, 218, 208
231, 48, 213, 34, 151
198, 154, 64, 229, 112
128, 205, 19, 195, 185
19, 205, 185, 128, 91
103, 220, 155, 143, 163
206, 71, 218, 245, 221
193, 154, 112, 6, 229
106, 16, 2, 122, 102
139, 14, 167, 175, 56
215, 37, 77, 209, 212
84, 127, 126, 230, 107
246, 249, 12, 207, 142
149, 46, 68, 187, 157
19, 195, 91, 185, 128
197, 218, 221, 71, 245
203, 12, 246, 171, 146
38, 141, 59, 237, 213
105, 37, 201, 212, 215
165, 26, 98, 238, 70
216, 95, 102, 111, 84
77, 234, 201, 242, 67
231, 192, 48, 38, 208
179, 92, 127, 202, 235
37, 201, 126, 107, 127
111, 211, 86, 34, 65
182, 73, 61, 232, 115
206, 197, 239, 221, 71
39, 109, 8, 186, 99
28, 163, 196, 103, 147
206, 197, 245, 52, 71
161, 50, 9, 99, 223
161, 222, 9, 99, 219
118, 225, 31, 15, 124
224, 15, 118, 31, 124
13, 114, 166, 0, 137
51, 154, 193, 69, 15
101, 97, 60, 49, 40
130, 157, 17, 198, 68
95, 84, 202, 107, 102
192, 213, 48, 151, 83
73, 100, 115, 63, 182
172, 121, 6, 136, 124
242, 67, 18, 212, 186
109, 39, 219, 8, 127
66, 143, 32, 125, 41
132, 59, 38, 208, 48
181, 98, 165, 210, 55
218, 74, 206, 197, 221
97, 228, 169, 117, 159
119, 159, 248, 117, 240
234, 67, 18, 212, 186
168, 137, 175, 114, 166
116, 18, 83, 151, 120
71, 52, 197, 206, 221
142, 203, 249, 20, 184
79, 58, 56, 41, 167
119, 159, 241, 117, 240
142, 94, 203, 246, 122
